h;K;Zs;ds;alpha;step;epssp
0.5;21.0;0.2;0.025;0.0;0.2;0.0
;;0.17500000000000002;0.025;90.0;0.2;0.0
;;-0.17500000000000002;0.025;90.0;0.2;0.0
;;-0.2;0.025;0.0;0.2;0.0
